"Protein","logFC","adj.P.Val"
"ppa:PAS_chr1-4_0699",7.17996486801023,0.00484341412583396
"F2QWE8",8.86736893375716,0.00484341412583396
"ppa:PAS_chr3_1071",9.88478560579185,0.00484341412583396
"ppa:PAS_chr3_1028",5.83348432248041,0.00555247636647097
"ppa:PAS_chr4_0303",5.1014464514779,0.00661560205725812
"ppa:PAS_chr4_0844",5.70758594601708,0.00672870298858729
"ppa:PAS_chr1-1_0417",5.38867450045553,0.00672870298858729
"ppa:PAS_chr2-2_0236",4.22582246936585,0.00672870298858729
"ppa:PAS_chr3_0099",6.51401445018954,0.00672870298858729
"ppa:PAS_chr2-2_0177",4.44850739119256,0.00672870298858729
"ppa:PAS_chr2-1_0504",5.82199752016429,0.00672870298858729
"ppa:PAS_chr2-1_0489",-5.87539916212462,0.00672870298858729
"ppa:PAS_chr4_0390",3.8706114811829,0.00672870298858729
"ppa:PAS_chr4_0664",4.70030046527769,0.00672870298858729
"A0A1G4KQ11",4.06933861801681,0.00672870298858729
"ppa:PAS_chr4_0602",5.96195228697477,0.00672870298858729
"ppa:PAS_chr2-2_0254",-3.42852428030259,0.00672870298858729
"ppa:PAS_chr4_0532",3.58775126156647,0.00672870298858729
"ppa:PAS_chr2-2_0131",3.73717249949518,0.00672870298858729
"ppa:PAS_chr4_0514",-3.79945069009213,0.00672870298858729
"ppa:PAS_chr3_0361",5.19286566609706,0.00672870298858729
"ppa:PAS_chr1-3_0119",3.48917020261496,0.00672870298858729
"ppa:PAS_chr1-4_0668",4.16273882218159,0.00672870298858729
"ppa:PAS_chr4_0113",3.89801218554751,0.00672870298858729
"ppa:PAS_chr3_0841",4.71170704618506,0.00672870298858729
"ppa:PAS_chr4_0063",-3.17765880691575,0.00672870298858729
"ppa:PAS_chr2-1_0749",3.58528990601431,0.00672870298858729
"ppa:PAS_chr1-1_0051",3.17751606011091,0.00672870298858729
"ppa:PAS_chr1-3_0169",-3.47181780627958,0.00672870298858729
"ppa:PAS_chr4_0470",3.31382518842805,0.00672870298858729
"F2R002",6.77091169025407,0.00681644711069146
"ppa:PAS_chr1-3_0152",3.49455232952017,0.00681644711069146
"ppa:PAS_chr4_0561",-3.06536735142309,0.00686180447988494
"ppa:PAS_chr1-1_0063",-4.65409588977666,0.00686180447988494
"ppa:PAS_chr2-2_0113",-3.38459812412117,0.00686180447988494
"ppa:PAS_chr4_0759",3.22399797277682,0.00686180447988494
"ppa:PAS_chr4_0147",-2.79077020280686,0.006974812798911
"ppa:PAS_chr1-1_0204",-3.64155341778715,0.00714257209757035
"ppa:PAS_chr2-2_0349",-2.97087347207785,0.00811466129270465
"ppa:PAS_chr2-1_0512",-3.18713887687268,0.00811466129270465
"ppa:PAS_chr2-2_0454",2.54231710877598,0.00811466129270465
"ppa:PAS_chr4_0624",3.57157799145164,0.00811466129270465
"ppa:PAS_chr3_0867",5.51372370788047,0.00811466129270465
"ppa:PAS_chr1-1_0265",3.46359535415686,0.00811466129270465
"ppa:PAS_chr3_0064",4.26200804722,0.00811466129270465
"ppa:PAS_chr4_0287",-2.63777478489144,0.00811466129270465
"ppa:PAS_chr1-4_0005",-3.64624263864819,0.00837267811166923
"ppa:PAS_chr3_0511",-3.87686737518646,0.00846654936181856
"ppa:PAS_chr3_0043",2.9724610778818,0.00846654936181856
"ppa:PAS_chr4_0842",3.08628554102092,0.00846654936181856
"ppa:PAS_chr1-1_0399",2.93889785944065,0.00846654936181856
"ppa:PAS_chr2-2_0055",-2.67241875217824,0.00846654936181856
"ppa:PAS_chr1-1_0282",-3.55570933841826,0.00846654936181856
"ppa:PAS_chr2-1_0189",2.86200052908448,0.00846654936181856
"ppa:PAS_chr4_0567",-2.48827745729332,0.00881133038065487
"ppa:PAS_chr2-2_0479",-3.54006604225157,0.00881133038065487
"ppa:PAS_chr2-1_0472",2.41598170557208,0.00887326124167417
"ppa:PAS_chr2-1_0065",-2.48696796178059,0.00895304490826431
"ppa:PAS_chr2-1_0466",2.4314072904764,0.00895304490826431
"ppa:PAS_chr1-4_0500",3.00103623939381,0.00895304490826431
"ppa:PAS_chr1-1_0356",2.58852828050226,0.00895304490826431
"ppa:PAS_chr1-4_0531",2.56895829015238,0.00898625332243996
"ppa:PAS_chr4_0347",2.915789001965,0.00898625332243996
"ppa:PAS_chr3_0836",3.02816886482323,0.00900621541677247
"ppa:PAS_chr2-2_0319",-2.17211809179632,0.00900621541677247
"ppa:PAS_chr4_0855",-3.33173564008911,0.00900621541677247
"F2QY59",2.60758240383765,0.00900621541677247
"ppa:PAS_chr1-4_0449",2.73812171808819,0.00900621541677247
"ppa:PAS_chr2-1_0638",-2.62061073140075,0.00900621541677247
"ppa:PAS_chr2-1_0667",2.80807239987603,0.00900621541677247
"ppa:PAS_chr2-1_0110",2.23167307949212,0.00908950966429346
"ppa:PAS_chr1-1_0320",2.50670741894977,0.00923647374598753
"ppa:PAS_chr2-1_0249",2.55858223170075,0.00923647374598753
"ppa:PAS_chr1-4_0042",3.13970359430059,0.00923647374598753
"ppa:PAS_chr4_0627",2.88571191350923,0.00923647374598753
"A0A1G4KPJ1",3.13788180736848,0.00926813187872256
"ppa:PAS_chr4_0043",3.55839126800987,0.00926813187872256
"ppa:PAS_chr2-1_0395",-2.31251754635977,0.00959238736972647
"ppa:PAS_chr1-4_0349",2.92333862985692,0.00959238736972647
"ppa:PAS_chr4_0201",-2.89913361201571,0.010183471269712
"ppa:PAS_chr4_0115",2.24957414342302,0.0104045857779201
"ppa:PAS_chr2-1_0412",2.58817178770487,0.0104045857779201
"ppa:PAS_chr3_0156",2.41620897045921,0.0104045857779201
"ppa:PAS_chr1-1_0339",3.21796017120321,0.0105074875390492
"ppa:PAS_chr1-1_0297",2.09003179530606,0.0106349285747554
"ppa:PAS_chr3_0588",5.03672456655053,0.0106349285747554
"ppa:PAS_chr2-2_0108",2.4429670085606,0.0106349285747554
"F2QLF9",-2.22227981077216,0.0106349285747554
"ppa:PAS_chr4_0974",1.98938311866038,0.0106349285747554
"F2QXJ0",2.33407118063033,0.0106349285747554
"ppa:PAS_FragB_0048",-2.02759678880702,0.0106349285747554
"ppa:PAS_chr3_0904",-2.14517344762753,0.0106349285747554
"ppa:PAS_chr1-4_0314",2.18891384840989,0.0106349285747554
"ppa:PAS_chr2-2_0208",4.04952337096703,0.0107256471919195
"ppa:PAS_chr4_0578",-2.0838154757319,0.0107256471919195
"ppa:PAS_chr2-1_0853",2.73168723980631,0.0107256471919195
"ppa:PAS_chr1-1_0470",-2.14858399602721,0.0107256471919195
"ppa:PAS_chr4_0266",1.88870841670278,0.0108514064588528
"ppa:PAS_chr1-4_0486",2.46320019814742,0.0108514064588528
"ppa:PAS_chr4_0847",2.44553809089121,0.0108514064588528
"F2QQK5",2.1592167967807,0.0108514064588528
"ppa:PAS_chr2-1_0649",-2.56126906567446,0.0108514064588528
"ppa:PAS_chr2-1_0715",2.08990572155733,0.0108514064588528
"ppa:PAS_chr4_0212",8.19019862739045,0.0110265107020721
"ppa:PAS_chr1-1_0366",-2.01019427051686,0.0110861855988085
"ppa:PAS_chr4_0661",-2.18390053083011,0.0110861855988085
"ppa:PAS_chr4_0124",-2.10326443125453,0.0112951872880887
"ppa:PAS_chr3_0059",2.53008729725521,0.0112951872880887
"ppa:PAS_chr1-4_0341",-2.22958315121241,0.0116833501827093
"ppa:PAS_chr1-1_0107",-2.20717361248013,0.0116833501827093
"ppa:PAS_chr1-4_0425",-3.75827868146723,0.0116833501827093
"ppa:PAS_chr2-1_0432",-1.91795608698981,0.0118400535648223
"ppa:PAS_chr4_0050",3.27211598913286,0.0118400535648223
"ppa:PAS_chr4_0317",-2.14114692383201,0.0119177250565959
"ppa:PAS_FragB_0019",-1.8554769475083,0.0129097970756519
"ppa:PAS_chr4_0140",-1.76631246503397,0.0129097970756519
"ppa:PAS_chr2-1_0786",-2.16740208562224,0.0129671868019464
"ppa:PAS_chr3_0360",1.69895728584195,0.0129671868019464
"ppa:PAS_chr3_0189",2.31001046363237,0.0130218590608893
"ppa:PAS_chr2-1_0545",1.80757069656024,0.0130218590608893
"ppa:PAS_chr1-1_0108",2.42405738090267,0.0130218590608893
"ppa:PAS_chr3_0803",1.8307789575594,0.0130218590608893
"ppa:PAS_FragB_0039",1.84556412478595,0.0132465744470925
"ppa:PAS_chr1-3_0149",-1.91114549355636,0.0132465744470925
"ppa:PAS_chr1-1_0474",-2.86467440966781,0.0136280470581727
"ppa:PAS_chr2-1_0573",1.78095003249499,0.0137217606871746
"ppa:PAS_chr2-1_0486",2.24552397503355,0.0137257455799082
"ppa:PAS_chr1-4_0393",-2.55511781507867,0.0137803599575191
"A0A1G4KQM1",-3.01922710761138,0.0138416021811773
"ppa:PAS_chr3_0640",1.74172616073749,0.0138938428877266
"ppa:PAS_chr3_1210",2.05311336815561,0.0138938428877266
"ppa:PAS_chr2-1_0590",-1.98628903904982,0.0140988981018414
"ppa:PAS_chr1-1_0139",1.97545396835235,0.0141134261754416
"ppa:PAS_chr4_0815",1.62602310886908,0.0141134261754416
"ppa:PAS_chr1-1_0226",2.29900779154141,0.0141134261754416
"ppa:PAS_chr2-2_0372",1.59323297461509,0.0141134261754416
"ppa:PAS_chr2-2_0339",-2.08431234218514,0.0141134261754416
"ppa:PAS_chr2-1_0716",-3.28338819488137,0.0141134261754416
"ppa:PAS_chr1-3_0235",1.61913010532433,0.0141134261754416
"ppa:PAS_chr2-1_0315",2.95057179566122,0.0141134261754416
"ppa:PAS_chr3_0744",1.73950099088833,0.0141689597946088
"ppa:PAS_chr2-2_0369",1.95288207814512,0.0141689597946088
"ppa:PAS_chr1-3_0102",1.79361594177796,0.0146188505818058
"ppa:PAS_chr4_0894",-1.70952916129745,0.0146485101032251
"ppa:PAS_chr1-1_0441",2.24574617200506,0.0149130457213858
"F2QT62",3.74835160118755,0.0149130457213858
"ppa:PAS_chr3_0053",-1.83435960592796,0.0149130457213858
"ppa:PAS_chr1-1_0172",2.46542374839475,0.0149130457213858
"ppa:PAS_chr4_0548",1.6829500377983,0.0149130457213858
"ppa:PAS_chr1-1_0025",2.77960299872966,0.0149130457213858
"ppa:PAS_chr2-2_0394",4.98351610122584,0.0149130457213858
"ppa:PAS_chr1-1_0118",1.77000902483866,0.0149130457213858
"ppa:PAS_chr2-2_0193",-2.91145442991998,0.0149130457213858
"ppa:PAS_chr3_0084",-2.2431947913403,0.0149130457213858
"ppa:PAS_chr3_0789",-1.84464668246433,0.0149130457213858
"ppa:PAS_chr3_1176",-1.77466773387819,0.0149130457213858
"ppa:PAS_chr2-2_0200",1.5806047935983,0.0149130457213858
"ppa:PAS_chr2-1_0490",1.55074144819087,0.0149130457213858
"ppa:PAS_chr1-4_0658",-1.54457859324148,0.0149130457213858
"ppa:PAS_chr3_1045",1.92821212256834,0.0149130457213858
"ppa:PAS_chr3_0905",-1.82930800622622,0.0149130457213858
"ppa:PAS_chr2-2_0338",1.8670228327003,0.0149130457213858
"ppa:PAS_chr1-4_0613",-1.62068738878317,0.014964239023589
"ppa:PAS_chr3_0167",1.81492816597261,0.014964239023589
"ppa:PAS_chr3_0358",-1.68680008997571,0.014964239023589
"ppa:PAS_chr1-4_0392",-3.50411721873828,0.014964239023589
"ppa:PAS_chr2-1_0553",-2.03726094792731,0.0149645328765592
"ppa:PAS_chr4_0997",1.66019108711659,0.0149645328765592
"ppa:PAS_chr4_0460",-2.61341964551438,0.0149645328765592
"ppa:PAS_chr3_0975",3.24090480843819,0.0149645328765592
"ppa:PAS_chr1-3_0013",2.44834229373437,0.0149645328765592
"ppa:PAS_chr4_0572",2.08010926882732,0.0149645328765592
"ppa:PAS_chr4_0672",2.04475174323105,0.0149645328765592
"ppa:PAS_chr4_0270",1.96790121247373,0.0149645328765592
"ppa:PAS_chr1-3_0228",-2.1337817825885,0.0149645328765592
"ppa:PAS_chr3_1216",-1.82652360576459,0.0152593617991367
"ppa:PAS_chr2-1_0750",2.06565671083838,0.0153573609795483
"ppa:PAS_chr1-1_0198",1.4824834165186,0.0153573609795483
"ppa:PAS_chr1-4_0009",-2.43835118420112,0.0154543684845336
"ppa:PAS_chr3_0811",-2.13913883421085,0.0155607867487137
"ppa:PAS_chr4_0416",1.5586196508101,0.0155607867487137
"ppa:PAS_chr4_0286",-1.66506205269186,0.0155607867487137
"ppa:PAS_chr4_0181",-1.57951334784931,0.0155849982120614
"ppa:PAS_chr3_0779",2.03977459035736,0.0158572106145314
"ppa:PAS_chr4_0089",-1.68693303095682,0.0158572106145314
"ppa:PAS_chr1-4_0209",-1.99301299769149,0.0158572106145314
"ppa:PAS_chr4_0488",3.85766475574668,0.0158915263156851
"ppa:PAS_chr3_0761",2.21183519808524,0.0159765921531837
"ppa:PAS_chr2-2_0125",-1.6294597439507,0.0161369966686966
"ppa:PAS_chr4_0741",1.58347259321988,0.0161369966686966
"ppa:PAS_chr3_0996",1.63557171207408,0.0161369966686966
"ppa:PAS_chr2-1_0329",1.50979378142693,0.0161658736835321
"ppa:PAS_chr4_0131",-1.4436038319872,0.0161871601726355
"A0A1G4KQY5",3.23746490814812,0.0161871601726355
"ppa:PAS_chr3_0410",2.08681197799916,0.0162090760639329
"ppa:PAS_chr4_0021",-3.14479956045765,0.0162090760639329
"ppa:PAS_chr3_0141",-4.09039486138247,0.016288794919714
"ppa:PAS_chr3_0752",-1.82277295784113,0.016288794919714
"ppa:PAS_chr3_0160",-1.5567152752276,0.0163470757610838
"ppa:PAS_chr2-1_0507",1.39506396295508,0.0163645999356625
"ppa:PAS_chr1-1_0066",1.45792225040242,0.0163931551263352
"ppa:PAS_chr2-2_0127",2.35027560827105,0.0164808873932358
"A0A1G4KQ83",3.14754025004001,0.0164808873932358
"F2QVC7",1.65564829567962,0.0164808873932358
"ppa:PAS_chr3_1032",-2.13990041552207,0.0164808873932358
"ppa:PAS_chr3_0816",-1.49373513260559,0.0164808873932358
"ppa:PAS_chr1-4_0634",-2.02088128727962,0.0164808873932358
"ppa:PAS_chr2-2_0167",-2.02060867566334,0.0164808873932358
"ppa:PAS_chr2-1_0253",-1.90859541905881,0.0164808873932358
"ppa:PAS_chr1-4_0019",-1.4307395695549,0.0164808873932358
"ppa:PAS_chr4_0476",-1.46794662129228,0.0164808873932358
"ppa:PAS_chr2-1_0324",1.79111573026524,0.0164808873932358
"ppa:PAS_chr1-1_0270",-2.32390086505748,0.0164808873932358
"ppa:PAS_chr4_0989",-2.71428108000826,0.0164808873932358
"F2QWE7",1.93158109258994,0.0164808873932358
"ppa:PAS_chr1-4_0198",-4.09793190146817,0.016687023732657
"ppa:PAS_chr4_0067",-2.21351592661343,0.0167335765738769
"ppa:PAS_chr1-4_0206",1.65162964183538,0.0167335765738769
"ppa:PAS_chr2-2_0279",2.23420828720636,0.0167335765738769
"ppa:PAS_chr3_0312",1.48643824324315,0.0167335765738769
"ppa:PAS_chr3_1061",-1.68408474933813,0.0167335765738769
"ppa:PAS_chr3_0124",-1.54798761769128,0.0167671623235623
"ppa:PAS_chr3_1020",1.54717019980522,0.0168643135490223
"ppa:PAS_chr2-1_0611",-3.05972648627183,0.0168832163563901
"ppa:PAS_chr2-1_0782",2.25790416223829,0.0168832163563901
"ppa:PAS_chr2-1_0624",1.79761506492567,0.0170875457682554
"ppa:PAS_chr3_0078",1.55638939961395,0.0170875457682554
"ppa:PAS_chr3_0472",-2.18845794382705,0.0175880541999247
"ppa:PAS_chr2-2_0258",-2.16089679006363,0.0176613220055732
"ppa:PAS_chr3_0624",2.45196941309911,0.0176613220055732
"ppa:PAS_chr4_0743",-2.79056153383142,0.0176613220055732
"ppa:PAS_chr1-4_0483",-1.65907521700769,0.0176613220055732
"ppa:PAS_chr1-3_0216",-2.65683587431501,0.0176880267260676
"ppa:PAS_chr1-1_0238",-2.53777079788069,0.0177450726927495
"ppa:PAS_chr2-1_0336",-2.61215524333096,0.017835604745748
"A0A1G4KPB3",-1.40068693392491,0.017835604745748
"ppa:PAS_chr2-1_0825",-1.62860826942855,0.017835604745748
"ppa:PAS_chr1-4_0315",1.92578911949988,0.017835604745748
"ppa:PAS_chr1-3_0234",-2.54318331728424,0.017835604745748
"ppa:PAS_chr3_0521",-1.7595172621576,0.0179884862966666
"ppa:PAS_chr2-1_0109",-1.31421487947799,0.0182088552049161
"ppa:PAS_chr1-1_0257",1.70086910935782,0.0183952072362843
"ppa:PAS_chr4_0996",1.94323877229699,0.0185682042299487
"ppa:PAS_chr2-1_0265",-1.55439486466641,0.0185682042299487
"F2QVM1",1.64971387814225,0.0188349507086158
"ppa:PAS_chr3_0586",-1.42960690832863,0.0188395181436978
"ppa:PAS_chr3_0069",1.51709398695012,0.0192077199295071
"ppa:PAS_chr2-1_0094",-2.17157705261413,0.0192118120212452
"ppa:PAS_chr4_0893",-1.76882973789963,0.0192303567124751
"ppa:PAS_chr3_0456",-1.38029425961799,0.0192303567124751
"ppa:PAS_chr4_0081",2.30286469974624,0.0192303567124751
"F2QLR2",1.61490299285647,0.0192303567124751
"ppa:PAS_chr1-4_0663",1.48820030991011,0.0192303567124751
"F2QX96",1.45291263620234,0.0192519186718585
"ppa:PAS_chr4_0389",-2.05453694537163,0.0192519186718585
"ppa:PAS_chr1-1_0403",1.48233816474288,0.0192519186718585
"ppa:PAS_chr4_0799",-1.25875720571564,0.0192519186718585
"ppa:PAS_chr3_1247",-2.46812581367229,0.0192519186718585
"ppa:PAS_chr2-1_0245",-1.47843773118585,0.0192519186718585
"ppa:PAS_chr3_1172",1.52164598092237,0.0192519186718585
"ppa:PAS_chr3_0384",-1.654862368071,0.0192519186718585
"F2QTS8",1.28544282045746,0.0192519186718585
"ppa:PAS_chr3_0843",1.36100905980108,0.0192519186718585
"ppa:PAS_chr3_1105",-1.24326996386862,0.0192519186718585
"ppa:PAS_chr1-4_0158",1.28438064478677,0.0192519186718585
"ppa:PAS_chr2-2_0133",-1.46812042931998,0.0192519186718585
"ppa:PAS_chr1-4_0311",-2.42823457338134,0.0192519186718585
"ppa:PAS_chr2-2_0156",-1.77281288230577,0.0192519186718585
"ppa:PAS_chr3_0848",-3.22299472327185,0.0192519186718585
"ppa:PAS_chr2-1_0163",-1.96971513745149,0.0192519186718585
"ppa:PAS_chr1-4_0302",1.52003911120824,0.0192519186718585
"ppa:PAS_chr4_0583",-1.86667286971264,0.0192519186718585
"ppa:PAS_chr1-3_0301",1.48332412738723,0.0192519186718585
"ppa:PAS_chr4_0433",1.281770581096,0.0192519186718585
"ppa:PAS_chr4_0790",1.75745789137944,0.0192519186718585
"ppa:PAS_chr3_1009",-1.40545458511541,0.0192519186718585
"ppa:PAS_chr3_0868",2.10383976739142,0.0192519186718585
"ppa:PAS_chr4_0585",-1.81696072279482,0.0192519186718585
"ppa:PAS_chr4_0744",-1.34529680241318,0.0192519186718585
"ppa:PAS_chr1-1_0068",-1.5372977658795,0.0192519186718585
"ppa:PAS_chr4_0228",-1.31027746842286,0.0192519186718585
"F2QWF8",1.64900810432541,0.0194741629750107
"ppa:PAS_chr1-1_0273",-1.42616522993807,0.0194946555825705
"ppa:PAS_chr3_1073",2.63421454843817,0.019544025584773
"ppa:PAS_chr1-4_0466",-1.30968002611033,0.019544025584773
"ppa:PAS_chr2-2_0071",2.11422396720155,0.019544025584773
"ppa:PAS_chr3_0837",2.35396689157045,0.019544025584773
"ppa:PAS_chr3_1117",-1.23669688380521,0.019544025584773
"ppa:PAS_chr1-4_0264",1.3732844333932,0.019544025584773
"ppa:PAS_chr4_0701",-1.30427284431465,0.019544025584773
"ppa:PAS_chr4_0072",-1.30284323666403,0.019550554291894
"ppa:PAS_chr1-3_0160",2.03786979239269,0.019550554291894
"ppa:PAS_chr4_0345",-1.21965972595849,0.0195719431338771
"ppa:PAS_chr2-1_0742",-2.29489289594337,0.0195719431338771
"ppa:PAS_chr4_0891",-1.39896316463489,0.0195719431338771
"ppa:PAS_chr1-4_0333",-1.31621474648104,0.0195719431338771
"ppa:PAS_chr1-4_0242",-2.85165640011465,0.0195807687362814
"ppa:PAS_chr2-2_0261",2.07672382203955,0.019873595020225
"ppa:PAS_chr4_0784",-3.63766435744783,0.019873595020225
"ppa:PAS_chr3_1068",1.57571680848715,0.019873595020225
"ppa:PAS_chr2-1_0652",1.24549866877964,0.0200789191763029
"ppa:PAS_chr2-1_0335",1.62662482656743,0.0200789191763029
"ppa:PAS_chr1-3_0191",-1.2075650291899,0.020140268531574
"F2QX88",1.18148871664829,0.0202572588606063
"ppa:PAS_chr3_0227",1.19383369031957,0.0203263510954277
"ppa:PAS_chr2-1_0702",1.47307089431854,0.0203263510954277
"ppa:PAS_chr4_0101",-1.51118068214005,0.020547046876233
"ppa:PAS_chr2-1_0318",1.75263687585106,0.0205929706602852
"ppa:PAS_chr4_0462",-1.1822642765066,0.0207944003082171
"ppa:PAS_chr1-4_0619",-1.20886634065726,0.0207944003082171
"ppa:PAS_chr4_0170",-1.42500776426484,0.0207944003082171
"ppa:PAS_chr1-4_0133",2.05002926822631,0.0207944003082171
"ppa:PAS_chr3_0574",-2.05728922614341,0.0209223427787052
"ppa:PAS_chr4_0070",-1.63909878796461,0.0209691588000906
"ppa:PAS_chr3_0371",-1.49389754972597,0.0210430780712951
"ppa:PAS_chr3_0514",-1.13067852095273,0.0217355540942791
"ppa:PAS_chr2-1_0535",-1.14393903712275,0.0217355540942791
"ppa:PAS_chr1-1_0491",2.37464026654544,0.0220364566505242
"ppa:PAS_chr1-1_0091",1.13448778030656,0.0220484444660586
"ppa:PAS_chr4_0052",-3.93618496029276,0.0223898179623605
"ppa:PAS_chr3_0651",-1.5036339181877,0.0223898179623605
"ppa:PAS_chr3_0625",-1.79285391267232,0.0223898179623605
"ppa:PAS_chr2-1_0850",1.1400249558441,0.0223898179623605
"ppa:PAS_chr3_0957",-1.88062204541558,0.0223898179623605
"ppa:PAS_chr2-1_0661",-1.38374992911342,0.0225115728589028
"ppa:PAS_chr3_0714",-1.46026641527249,0.0225213884341621
"ppa:PAS_chr2-2_0192",1.4102292346622,0.0227800206596361
"ppa:PAS_chr2-1_0700",-2.37054650017792,0.0227800206596361
"ppa:PAS_chr1-1_0490",1.80031862559555,0.0227800206596361
"ppa:PAS_chr1-4_0569",1.10442584024792,0.0228849977553161
"ppa:PAS_chr3_1115",-2.97442312215312,0.0230654867475724
"ppa:PAS_chr1-4_0082",2.37103495170769,0.0230654867475724
"ppa:PAS_chr4_0323",-2.04832950534111,0.0230654867475724
"ppa:PAS_chr1-3_0081",1.15770630234646,0.0231656043462571
"ppa:PAS_chr2-1_0161",1.09127153681199,0.0231949631679575
"ppa:PAS_chr1-3_0123",-1.79383001324507,0.0232284524073319
"ppa:PAS_chr1-4_0538",2.09630096025172,0.0232284524073319
"ppa:PAS_chr4_0338",-1.19169471536511,0.0232284524073319
"ppa:PAS_chr4_0079",2.91177002226886,0.0232755600587543
"ppa:PAS_chr2-1_0313",1.2791065916888,0.0233265701701236
"ppa:PAS_chr4_0105",-1.17672171816277,0.0233397322973983
"ppa:PAS_chr1-1_0085",1.84541313092982,0.0233397322973983
"ppa:PAS_chr1-1_0145",-1.19440166910226,0.0234251005741388
"ppa:PAS_chr4_0840",1.8656542819148,0.0234251005741388
"ppa:PAS_chr2-2_0013",-1.53679545372659,0.0234251005741388
"ppa:PAS_chr2-2_0222",1.32870913419093,0.0234662768563578
"ppa:PAS_chr3_1133",-2.63173624221397,0.0234662768563578
"ppa:PAS_chr4_0830",-1.26549121111705,0.0234843027197336
"ppa:PAS_chr4_0272",1.40561333992833,0.0237182809588933
"ppa:PAS_chr4_0256",-1.23067053386085,0.0237182809588933
"ppa:PAS_chr3_0633",1.21143984131512,0.0237366550845937
"ppa:PAS_chr4_0313",-2.63836628654707,0.0239623983552906
"ppa:PAS_chr4_0667",-1.54859419296045,0.0244941091389294
"ppa:PAS_chr1-1_0430",-1.07691414042501,0.0244941091389294
"ppa:PAS_chr4_0217",-1.55939370496199,0.0249235472080834
"ppa:PAS_chr4_0233",1.07682012400809,0.0249235472080834
"ppa:PAS_chr3_0040",1.43529495439765,0.0249235472080834
"ppa:PAS_chr4_0786",2.69037977751523,0.0249707920600045
"ppa:PAS_chr1-3_0198",-2.4265881374032,0.0251205755374668
"ppa:PAS_chr3_1141",-1.69056607831519,0.0251205755374668
"ppa:PAS_FragB_0059",1.87734744831733,0.0251205755374668
"ppa:PAS_chr1-4_0592",-1.10257645475796,0.0252622577312178
"ppa:PAS_chr4_0746",-1.1484692312027,0.0254319914191334
"ppa:PAS_chr3_0525",1.92097846623916,0.0255567374720793
"ppa:PAS_chr2-1_0052",1.11186436513927,0.0255601448326602
"ppa:PAS_chr3_1027",-1.18354657481688,0.0255601448326602
"ppa:PAS_chr3_0413",-1.18533833724089,0.0255601448326602
"ppa:PAS_chr2-1_0363",1.32404338212889,0.0255601448326602
"ppa:PAS_chr1-1_0266",-1.3944258411945,0.0255601448326602
"ppa:PAS_chr2-1_0634",-1.07376979197512,0.0255601448326602
"ppa:PAS_chr2-2_0395",-1.92210361931216,0.0256189706913913
"ppa:PAS_chr3_0507",-1.26950353793254,0.0256189706913913
"ppa:PAS_chr1-4_0357",1.23859493007685,0.0256189706913913
"ppa:PAS_chr3_0063",-1.11985169705456,0.0256189706913913
"ppa:PAS_chr2-2_0293",-1.64528224222862,0.0256189706913913
"ppa:PAS_chr3_0660",-1.55892683762423,0.0257522484543247
"ppa:PAS_chr4_0723",-1.16421746772537,0.0257784451077106
"ppa:PAS_chr1-3_0110",-1.17690197001761,0.0257855836357845
"ppa:PAS_chr3_0494",-1.55445090536483,0.025851515192923
"ppa:PAS_chr2-1_0049",-1.36320230155397,0.0258927579737489
"ppa:PAS_chr3_0797",2.40674821312665,0.0261563251725854
"ppa:PAS_chr1-4_0041",-1.12142275948979,0.0262899015634999
"ppa:PAS_chr4_0918",-1.29642228402081,0.0262988096250083
"ppa:PAS_chr1-4_0276",-1.83728243620064,0.0265603751835408
"ppa:PAS_chr3_0912",-1.081230187763,0.0268008587448497
"ppa:PAS_chr2-1_0288",1.71472695573041,0.026922028390427
"ppa:PAS_chr4_0717",-1.68070550835483,0.0270322417499928
"ppa:PAS_chr4_0992",-1.01394380779661,0.0270322417499928
"ppa:PAS_chr3_0712",1.26076043677555,0.0270322417499928
"ppa:PAS_chr2-1_0131",1.10304583701523,0.0270322417499928
"ppa:PAS_chr1-1_0129",1.0302813353023,0.0270322417499928
"ppa:PAS_chr4_0243",-1.04895081876368,0.0270322417499928
"ppa:PAS_chr4_0271",2.32752957693528,0.0270322417499928
"ppa:PAS_chr3_0738",-1.13166917147738,0.0270372363415645
"ppa:PAS_chr1-3_0044",-2.51548986826346,0.0273143218955343
"ppa:PAS_chr1-4_0689",-2.00734661892769,0.0273143218955343
"ppa:PAS_chr1-3_0217",-1.00105087131729,0.0274605186156832
"ppa:PAS_chr3_0154",1.06883955546657,0.0276181315385837
"ppa:PAS_chr4_0197",-1.48507265644676,0.0277091314945152
"ppa:PAS_chr2-1_0107",1.36030384311866,0.0278224581968781
"F2QRT5",3.1754458490439,0.0278224581968781
"F2QW02",-1.66372204430205,0.0278224581968781
"ppa:PAS_chr1-1_0425",-1.30328614936812,0.0278224581968781
"ppa:PAS_chr3_0086",1.09292140348983,0.0278224581968781
"ppa:PAS_chr1-4_0527",2.08786220575475,0.0278919871650945
"ppa:PAS_chr1-1_0415",2.32505651987025,0.0278919871650945
"ppa:PAS_chr4_0819",-1.35947059165901,0.0279142332143309
"ppa:PAS_chr2-1_0681",-1.47262230631625,0.0279897230570978
"ppa:PAS_chr1-3_0039",-1.15726478725363,0.0279897230570978
"ppa:PAS_chr4_0195",-1.99808802641799,0.0279897230570978
"ppa:PAS_chr4_0173",1.3377743761664,0.0279897230570978
"ppa:PAS_chr1-4_0631",1.11963618367653,0.0280025422955326
"ppa:PAS_chr3_1002",-1.10168900086476,0.0281013278330181
"F2QVL1",1.26002365438428,0.0281121513412774
"ppa:PAS_chr1-4_0287",-1.85099538426257,0.0281121513412774
"ppa:PAS_chr2-1_0669",-1.11399947386383,0.0281121513412774
"ppa:PAS_chr2-1_0068",-1.4381722953379,0.0281121513412774
"ppa:PAS_chr1-3_0287",-1.71981959419023,0.0281121513412774
"ppa:PAS_chr3_0218",-2.61282144320751,0.0281121513412774
"ppa:PAS_chr1-1_0080",-1.39787086061611,0.0281121513412774
"ppa:PAS_chr4_0162",-1.24426633991548,0.0281121513412774
"ppa:PAS_chr2-1_0169",1.29616838141881,0.0281121513412774
"F2QMQ9",-1.07781981560934,0.0281121513412774
"ppa:PAS_chr4_0356",1.21073424410385,0.0281121513412774
"ppa:PAS_chr1-3_0022",-1.05490250142809,0.0281121513412774
"ppa:PAS_chr1-3_0037",-1.66112095135035,0.0281412760980645
"ppa:PAS_chr4_0853",1.53429534991738,0.028166778718021
"ppa:PAS_chr3_0932",10.9001551209411,0.0281744990634538
"ppa:PAS_chr3_0303",1.37338218551967,0.0281744990634538
"ppa:PAS_chr3_0431",-1.39881392749853,0.0282171721619913
"ppa:PAS_chr1-4_0071",1.40983766151108,0.0282171721619913
"ppa:PAS_chr3_0937",1.12551749122954,0.0282611313017587
"ppa:PAS_chr1-3_0268",-1.4189522816562,0.0286723764375933
"ppa:PAS_chr4_0582",-1.1137087100488,0.0286772575885961
"ppa:PAS_chr3_0607",-1.0421119464748,0.0287689416582193
"ppa:PAS_chr2-1_0615",-2.95239701707666,0.0287689416582193
"ppa:PAS_chr1-1_0024",-1.12332015885189,0.0288250292790542
"ppa:PAS_chr1-1_0253",-1.31559743921225,0.0288250292790542
"ppa:PAS_chr2-1_0221",1.1444051051188,0.0288250292790542
"ppa:PAS_chr4_0336",2.06180258535391,0.029252806236319
"ppa:PAS_chr4_0451",-2.55402412935351,0.029252806236319
"ppa:PAS_chr4_0238",-1.70816348407791,0.0294864604818126
"ppa:PAS_chr3_0693",-1.80579122151215,0.0294864604818126
"ppa:PAS_chr4_0179",-1.29984280134379,0.0299705150310972
"ppa:PAS_chr2-2_0186",2.82361086684267,0.0301816390993459
"ppa:PAS_chr3_0648",1.7352431376624,0.0301816390993459
"ppa:PAS_chr3_1100",-1.06503767148361,0.0301816390993459
"ppa:PAS_chr3_0833",1.59432728780922,0.0301816390993459
"ppa:PAS_chr1-3_0186",-1.14054607603252,0.0301816535970742
"ppa:PAS_chr1-4_0043",1.08784253955221,0.0303357578200937
"ppa:PAS_chr2-2_0321",-1.62858291836538,0.0303357578200937
"ppa:PAS_chr2-1_0763",-1.08881768113519,0.0303357578200937
"ppa:PAS_chr3_0131",-1.86547858815531,0.0303357578200937
"ppa:PAS_chr2-1_0629",1.75065883752417,0.0303357578200937
"ppa:PAS_chr2-1_0251",-1.28473808269779,0.0304109214179802
"ppa:PAS_chr3_0147",-1.84799813497229,0.0305284082536506
"ppa:PAS_chr1-3_0165",3.21844278474112,0.0305284082536506
"ppa:PAS_chr3_1217",-1.98075272800992,0.0307020611073624
"ppa:PAS_chr4_0361",2.32132914029124,0.0307020611073624
"ppa:PAS_chr1-1_0061",-1.11358153284688,0.0307020611073624
"ppa:PAS_chr1-3_0116",1.19232971516357,0.031910219755974
"ppa:PAS_chr2-1_0666",-1.32104480416315,0.0319143943334667
"ppa:PAS_chr4_0691",-1.25968530874271,0.0319143943334667
"ppa:PAS_chr2-1_0488",1.21528943479585,0.0319189086646043
"ppa:PAS_chr1-3_0274",-1.26580951813972,0.0321808056954197
"ppa:PAS_chr3_0181",-1.04475804049056,0.0322423849668769
"ppa:PAS_chr2-2_0496",1.14067352551577,0.0323271229645054
"ppa:PAS_chr1-1_0030",-1.79715800779195,0.0323271229645054
"ppa:PAS_chr4_0112",-1.53698146351793,0.0323271229645054
"ppa:PAS_chr1-4_0078",-1.09240090838514,0.0323271229645054
"ppa:PAS_chr4_0352",1.28402058075702,0.032362181105848
"ppa:PAS_chr1-1_0262",1.2287042981309,0.032362181105848
"ppa:PAS_chr4_0950",-1.82461859940743,0.032362181105848
"ppa:PAS_chr3_1250",-1.76268219411188,0.032362181105848
"ppa:PAS_chr2-1_0132",-1.29270503949781,0.032362181105848
"ppa:PAS_chr1-3_0130",1.40059365249801,0.032362181105848
"ppa:PAS_chr2-1_0743",-1.43020822432219,0.0325708493566585
"F2QQM8",-1.0875007159756,0.0325807439426528
"ppa:PAS_chr3_0362",1.46920674575853,0.0325807439426528
"ppa:PAS_chr3_0407",1.23964923140764,0.0325807439426528
"ppa:PAS_chr2-1_0261",-2.87992414270584,0.0328727311074287
"ppa:PAS_chr2-1_0027",1.35408485295495,0.0331787065417075
"ppa:PAS_chr3_1228",2.5992164352764,0.0333788602227037
"ppa:PAS_chr1-4_0481",1.62157574406774,0.0334525790910559
"ppa:PAS_chr2-2_0229",-1.22815950510758,0.0337758394565635
"ppa:PAS_chr1-4_0096",-1.65254638385609,0.0337758394565635
"ppa:PAS_chr3_0449",1.15437287737795,0.0339295006117943
"ppa:PAS_chr3_0857",-1.42059687299746,0.0339295006117943
"ppa:PAS_chr2-2_0417",-1.37421099341092,0.0345213099162063
"ppa:PAS_chr1-1_0421",-1.15700863428298,0.0346934751120313
"ppa:PAS_chr4_0684",1.95268299843738,0.0347210781904123
"ppa:PAS_chr3_1065",-1.01303550479037,0.0347210781904123
"ppa:PAS_chr3_1240",1.22890138509232,0.0347210781904123
"ppa:PAS_chr2-2_0354",-1.08920968239837,0.0347210781904123
"ppa:PAS_chr3_0123",-1.63384530287635,0.0347210781904123
"ppa:PAS_chr1-1_0277",1.01739194841078,0.0347210781904123
"ppa:PAS_chr4_0508",-3.35175037169513,0.0347210781904123
"ppa:PAS_chr4_0862",-2.00600216344621,0.0347210781904123
"ppa:PAS_chr4_0704",1.06241525735869,0.0347210781904123
"ppa:PAS_chr1-4_0515",-1.83621213800059,0.0347210781904123
"ppa:PAS_chr3_0908",-1.10459237659737,0.0347210781904123
"ppa:PAS_chr2-1_0105",-1.02595291633498,0.0347210781904123
"ppa:PAS_chr2-2_0473",1.19964131174167,0.0347210781904123
"ppa:PAS_chr1-4_0045",-1.34258746148421,0.0347210781904123
"ppa:PAS_chr2-1_0677",-1.71267892121746,0.0348500476257575
"ppa:PAS_chr1-4_0548",3.6439806471791,0.0350411034758334
"ppa:PAS_chr2-1_0774",-1.03096907543674,0.0350538046277845
"ppa:PAS_chr1-3_0178",-1.2261045121305,0.0350538046277845
"ppa:PAS_chr2-2_0316",-1.40909296584768,0.0350925539937567
"ppa:PAS_chr3_0862",1.05137188539388,0.0351485611053015
"ppa:PAS_chr3_0366",3.09612285720991,0.0352118542290804
"ppa:PAS_chr3_0639",1.03551483395852,0.0352759184696316
"ppa:PAS_chr2-1_0241",1.20670743978651,0.0352759184696316
"ppa:PAS_chr3_0406",1.05507828942383,0.0352881293241156
"ppa:PAS_chr4_0222",-1.01555380719211,0.0352881293241156
"F2QWE6",-1.5100675076195,0.0354525959460956
"ppa:PAS_chr1-4_0132",-1.44418611393509,0.0354525959460956
"ppa:PAS_chr2-1_0338",-1.00193629840928,0.0357470897392131
"ppa:PAS_chr1-3_0207",1.10748722764923,0.0360558364472518
"ppa:PAS_chr1-3_0154",1.73314108970157,0.0362053475197181
"ppa:PAS_chr1-1_0442",1.03137133973507,0.0363566647491904
"ppa:PAS_chr3_0772",-1.47996315746032,0.0363720333838
"ppa:PAS_chr3_1208",1.30465257687108,0.0365188796393856
"ppa:PAS_chr1-4_0670",1.13642696093772,0.0369061054864848
"ppa:PAS_chr2-2_0330",-2.72133319966137,0.0369959183015464
"ppa:PAS_chr4_0835",1.46009204792826,0.0374050156231688
"ppa:PAS_chr2-1_0282",-1.31485560623224,0.0374050156231688
"ppa:PAS_chr1-1_0428",-1.28249241829129,0.0374381528794824
"ppa:PAS_chr1-4_0601",-1.94039435987115,0.0374381528794824
"ppa:PAS_chr3_0335",-1.2740085926567,0.0376425470621371
"ppa:PAS_chr4_0495",1.90026023081055,0.0377467558960585
"ppa:PAS_chr2-1_0414",-1.0182667767201,0.0377705177770784
"ppa:PAS_chr2-2_0206",2.11233890073355,0.0380860915857476
"ppa:PAS_chr2-2_0267",1.15385958607849,0.0380860915857476
"ppa:PAS_chr4_0472",-1.18345004165061,0.0386455882592593
"ppa:PAS_chr2-2_0089",-1.91792290935276,0.0386536998386289
"ppa:PAS_chr1-4_0300",-1.69883148654956,0.0386536998386289
"ppa:PAS_FragD_0024",-1.39615741024593,0.0386536998386289
"ppa:PAS_chr1-1_0267",1.30160775381739,0.0386536998386289
"ppa:PAS_chr1-4_0037",-1.00773139353021,0.0386536998386289
"ppa:PAS_chr3_0434",1.37597326889967,0.0386536998386289
"ppa:PAS_chr2-1_0247",-3.51708761424185,0.0386536998386289
"ppa:PAS_chr3_0230",4.2845433851742,0.0393664114172758
"ppa:PAS_chr1-4_0203",-1.49918029526262,0.0393923174018616
"ppa:PAS_chr4_0191",1.95981209368264,0.0394475386020268
"ppa:PAS_chr2-1_0149",-1.65323867597356,0.0396334764940404
"ppa:PAS_chr1-1_0011",-1.14921605281506,0.0397697879657684
"ppa:PAS_chr2-1_0292",-1.192786039168,0.0399548427244035
"ppa:PAS_chr3_1104",-1.56739205099151,0.0399617835660718
"F2QV37",-2.426082734683,0.0400039185961101
"ppa:PAS_chr2-1_0192",2.05633755033753,0.0400607528420976
"ppa:PAS_chr4_0535",-3.08811588433383,0.0400625606502099
"ppa:PAS_chr4_0423",-1.31105579226059,0.0401260180841959
"ppa:PAS_chr2-1_0459",-1.09151054355377,0.0401655506437548
"ppa:PAS_chr2-2_0030",1.24963622776678,0.0403562573536568
"ppa:PAS_chr4_0871",-2.01790306801107,0.0403562573536568
"ppa:PAS_chr2-1_0392",1.06974439363541,0.0403562573536568
"ppa:PAS_chr4_0837",-1.02236004527368,0.0403562573536568
"ppa:PAS_chr2-2_0379",-1.00704957608349,0.0403937542573182
"ppa:PAS_chr1-4_0374",-3.3997898014858,0.0407749480443369
"ppa:PAS_chr4_0988",-1.88634105887007,0.0407749480443369
"ppa:PAS_chr2-1_0187",-1.09373501123244,0.0407749480443369
"ppa:PAS_chr4_0419",-1.10203631841336,0.0409222652288788
"ppa:PAS_chr3_0649",-1.49474883567839,0.0409724459429399
"ppa:PAS_chr1-4_0390",-1.84026003855117,0.0409724459429399
"ppa:PAS_FragB_0077",1.45859732704699,0.0410578871292639
"ppa:PAS_chr4_0533",-1.09373372220222,0.0412852661310076
"ppa:PAS_chr1-1_0493",-1.76706559368472,0.0413409478393819
"ppa:PAS_chr2-2_0256",1.00211042159953,0.0413497156994378
"ppa:PAS_chr3_0194",-1.43856060880005,0.0414000698519242
"ppa:PAS_chr2-1_0867",2.33722990871971,0.0415885957074064
"ppa:PAS_FragB_0007",-1.47473304227648,0.0416125346151583
"ppa:PAS_chr1-4_0375",-1.19610841252813,0.0417453675356943
"ppa:PAS_chr3_0408",4.05263447700771,0.0419748038058891
"ppa:PAS_chr2-1_0601",1.19194271865087,0.0419748038058891
"ppa:PAS_chr3_0986",1.41302177099421,0.0419748038058891
"ppa:PAS_chr4_0153",1.02114672958114,0.0419748038058891
"ppa:PAS_chr1-4_0493",-1.13002423237833,0.042135449830333
"ppa:PAS_chr1-4_0283",2.94809946597816,0.042135449830333
"ppa:PAS_chr2-1_0072",-2.06058020379223,0.042136015348106
"ppa:PAS_chr2-1_0280",1.14403882784479,0.042136015348106
"ppa:PAS_chr1-3_0121",-1.05376459490573,0.0421584438398313
"ppa:PAS_chr3_0903",-1.22347516928155,0.0421584438398313
"ppa:PAS_chr1-4_0191",-1.07498822026743,0.0423203660151745
"ppa:PAS_chr1-4_0183",-2.07504726474673,0.0424033603020405
"ppa:PAS_chr3_0775",-1.09571351100258,0.0426444253565911
"ppa:PAS_chr2-1_0448",1.08735760245508,0.0430687032440083
"ppa:PAS_chr2-1_0640",1.00592399732612,0.0433461478157061
"ppa:PAS_chr3_1238",1.00510286515924,0.0434853108979874
"ppa:PAS_chr1-3_0272",-2.02806055396738,0.0439324834196144
"ppa:PAS_chr4_0728",-1.47349851577312,0.0439324834196144
"ppa:PAS_chr2-2_0290",-1.54592268728077,0.0442745617647419
"ppa:PAS_chr4_0977",-2.32948970384648,0.0442745617647419
"ppa:PAS_chr2-1_0136",-1.57051802510106,0.0443083945171537
"ppa:PAS_chr1-4_0319",-1.33319287791723,0.0449986503059579
"ppa:PAS_chr1-4_0236",1.41586408475669,0.0449986503059579
"ppa:PAS_chr1-1_0497",-1.27586896296076,0.0449986503059579
"ppa:PAS_chr1-1_0174",3.42456520336687,0.0449986503059579
"ppa:PAS_chr3_0755",-1.50061554320173,0.0450566764849402
"ppa:PAS_chr3_0965",1.14099909381868,0.0450566764849402
"ppa:PAS_chr2-1_0551",2.11618669179175,0.0450566764849402
"ppa:PAS_chr2-1_0057",-2.18211842741432,0.0450566764849402
"ppa:PAS_FragB_0061",-1.89629586675991,0.0450566764849402
"ppa:PAS_chr3_0469",1.00007508070627,0.0452204854008716
"F2QV71",-1.44925502768015,0.0455634394235891
"ppa:PAS_chr4_0828",1.2075821886289,0.0460862954803838
"ppa:PAS_chr4_0947",-1.01002615394194,0.0462853164538849
"ppa:PAS_chr1-1_0217",2.21604678209963,0.0468700418346033
"ppa:PAS_chr3_0732",1.29318336227208,0.0470273559733459
"ppa:PAS_chr2-1_0610",1.15956328793398,0.0470273559733459
"ppa:PAS_chr3_0356",1.30342720947033,0.0470314492651461
"ppa:PAS_FragB_0022",2.10343856568239,0.0471274487630992
"ppa:PAS_chr2-2_0057",1.89503270415728,0.047196739452794
"ppa:PAS_chr1-4_0367",-2.54926487117154,0.0472386529024559
"ppa:PAS_chr2-1_0157",1.42129057876706,0.0474939755343778
"ppa:PAS_chr4_0936",-1.52165664844452,0.047758033687565
"ppa:PAS_chr2-2_0449",-1.02881365280475,0.0478589745249213
"ppa:PAS_chr4_0980",-1.17217319510179,0.0478589745249213
"ppa:PAS_chr3_1152",-3.01700510926718,0.0488418683466043
"ppa:PAS_chr4_0450",-2.19544540140571,0.049412552609604
"ppa:PAS_chr3_0662",-1.27201939569093,0.049558652182851
"ppa:PAS_chr1-1_0340",-1.4358135103987,0.0497296895819942
